{
	"generator_info": "Shape definitions generated with PhysicsEditor. Visit https://www.codeandweb.com/physicseditor",
	"meteorBig0": {
		"type": "fromPhysicsEditor",
		"label": "meteorBig0",
		"isStatic": false,
		"density": 0,
		"restitution": 0,
		"friction": 0,
		"frictionAir": 0,
		"frictionStatic": 0,
		"collisionFilter": {
			"group": 0,
			"category": 1,
			"mask": 255
		},
		"fixtures": [
			{
				"label": "",
				"isSensor": false,
				"vertices": [
					[ { "x":16, "y":1 }, { "x":1, "y":52 }, { "x":60.84745788574219, "y":71.62711906433105 }, { "x":84.23728942871094, "y":74.67796611785889 }, { "x":100, "y":40.440677642822266 }, { "x":75, "y":1 } ],
					[ { "x":28.81355857849121, "y":82.4745762348175 }, { "x":60.84745788574219, "y":71.62711906433105 }, { "x":1, "y":52 } ]
				]
			}
		]
	},
	"meteorBig1": {
		"type": "fromPhysicsEditor",
		"label": "meteorBig1",
		"isStatic": false,
		"density": 0,
		"restitution": 0,
		"friction": 0,
		"frictionAir": 0,
		"frictionStatic": 0,
		"collisionFilter": {
			"group": 0,
			"category": 1,
			"mask": 255
		},
		"fixtures": [
			{
				"label": "",
				"isSensor": false,
				"vertices": [
					[ { "x":119, "y":20 }, { "x":65.76271057128906, "y":1.5593185424804688 }, { "x":19, "y":8 }, { "x":1, "y":45 }, { "x":6, "y":75 }, { "x":53.38983154296875, "y":80.37288093566895 }, { "x":105.59322357177734, "y":66.30508422851562 } ],
					[ { "x":34, "y":96 }, { "x":53.38983154296875, "y":80.37288093566895 }, { "x":6, "y":75 } ]
				]
			}
		]
	},
	"meteorBig2": {
		"type": "fromPhysicsEditor",
		"label": "meteorBig2",
		"isStatic": false,
		"density": 0,
		"restitution": 0,
		"friction": 0,
		"frictionAir": 0,
		"frictionStatic": 0,
		"collisionFilter": {
			"group": 0,
			"category": 1,
			"mask": 255
		},
		"fixtures": [
			{
				"label": "",
				"isSensor": false,
				"vertices": [
					[ { "x":65, "y":81 }, { "x":88, "y":42 }, { "x":72.37287902832031, "y":12.847457885742188 }, { "x":35, "y":1 }, { "x":3, "y":56 }, { "x":17, "y":74 } ],
					[ { "x":1, "y":23 }, { "x":3, "y":56 }, { "x":35, "y":1 } ]
				]
			}
		]
	},
	"meteorBig3": {
		"type": "fromPhysicsEditor",
		"label": "meteorBig3",
		"isStatic": false,
		"density": 0,
		"restitution": 0,
		"friction": 0,
		"frictionAir": 0,
		"frictionStatic": 0,
		"collisionFilter": {
			"group": 0,
			"category": 1,
			"mask": 255
		},
		"fixtures": [
			{
				"label": "",
				"isSensor": false,
				"vertices": [
					[ { "x":78.81356048583984, "y":89.38983058929443 }, { "x":96.7796630859375, "y":37.186439514160156 }, { "x":66, "y":1 }, { "x":14, "y":15 }, { "x":1, "y":59 }, { "x":29.152542114257812, "y":94.30508470535278 } ]
				]
			}
		]
	},
	"meteorMed0": {
		"type": "fromPhysicsEditor",
		"label": "meteorMed0",
		"isStatic": false,
		"density": 0,
		"restitution": 0,
		"friction": 0,
		"frictionAir": 0,
		"frictionStatic": 0,
		"collisionFilter": {
			"group": 0,
			"category": 1,
			"mask": 255
		},
		"fixtures": [
			{
				"label": "",
				"isSensor": false,
				"vertices": [
					[ { "x":39, "y":3 }, { "x":11, "y":2 }, { "x":1, "y":18 }, { "x":6.900000095367432, "y":36.5 }, { "x":21.5, "y":41.700000047683716 }, { "x":41.79999923706055, "y":28.399999618530273 } ]
				]
			}
		]
	},
	"meteorMed1": {
		"type": "fromPhysicsEditor",
		"label": "meteorMed1",
		"isStatic": false,
		"density": 0,
		"restitution": 0,
		"friction": 0,
		"frictionAir": 0,
		"frictionStatic": 0,
		"collisionFilter": {
			"group": 0,
			"category": 1,
			"mask": 255
		},
		"fixtures": [
			{
				"label": "",
				"isSensor": false,
				"vertices": [
					[ { "x":44, "y":18 }, { "x":32, "y":1 }, { "x":6, "y":5 }, { "x":1, "y":25 }, { "x":14.600000381469727, "y":38.39999997615814 }, { "x":30, "y":39 } ]
				]
			}
		]
	},
	"meteorSmall0": {
		"type": "fromPhysicsEditor",
		"label": "meteorSmall0",
		"isStatic": false,
		"density": 0,
		"restitution": 0,
		"friction": 0,
		"frictionAir": 0,
		"frictionStatic": 0,
		"collisionFilter": {
			"group": 0,
			"category": 1,
			"mask": 255
		},
		"fixtures": [
			{
				"label": "",
				"isSensor": false,
				"vertices": [
					[ { "x":25, "y":2 }, { "x":6, "y":2 }, { "x":1, "y":12 }, { "x":5, "y":25 }, { "x":13.899999618530273, "y":26.600000023841858 }, { "x":26.299999237060547, "y":18.600000381469727 } ]
				]
			}
		]
	},
	"meteorSmall1": {
		"type": "fromPhysicsEditor",
		"label": "meteorSmall1",
		"isStatic": false,
		"density": 0,
		"restitution": 0,
		"friction": 0,
		"frictionAir": 0,
		"frictionStatic": 0,
		"collisionFilter": {
			"group": 0,
			"category": 1,
			"mask": 255
		},
		"fixtures": [
			{
				"label": "",
				"isSensor": false,
				"vertices": [
					[ { "x":4, "y":3 }, { "x":1, "y":16 }, { "x":8.899999618530273, "y":24.100000023841858 }, { "x":19.399999618530273, "y":24.600000023841858 }, { "x":28, "y":11.5 }, { "x":21, "y":1 } ]
				]
			}
		]
	},
	"meteorParticle0": {
		"type": "fromPhysicsEditor",
		"label": "meteorParticle0",
		"isStatic": false,
		"density": 0,
		"restitution": 0,
		"friction": 0,
		"frictionAir": 0,
		"frictionStatic": 0,
		"collisionFilter": {
			"group": 0,
			"category": 1,
			"mask": 255
		},
		"fixtures": [
			{
				"label": "",
				"isSensor": false,
				"vertices": [
					[ { "x":17, "y":4 }, { "x":8, "y":1 }, { "x":1, "y":9 }, { "x":5.900000095367432, "y":16.299999952316284 }, { "x":14.300000190734863, "y":16.299999952316284 } ]
				]
			}
		]
	},
	"meteorParticle1": {
		"type": "fromPhysicsEditor",
		"label": "meteorParticle1",
		"isStatic": false,
		"density": 0,
		"restitution": 0,
		"friction": 0,
		"frictionAir": 0,
		"frictionStatic": 0,
		"collisionFilter": {
			"group": 0,
			"category": 1,
			"mask": 255
		},
		"fixtures": [
			{
				"label": "",
				"isSensor": false,
				"vertices": [
					[ { "x":10, "y":14.100000023841858 }, { "x":15, "y":4 }, { "x":7, "y":1 }, { "x":1, "y":8 } ]
				]
			}
		]
	}
}
